-- phpMyAdmin SQL Dump
-- version 5.2.1
-- https://www.phpmyadmin.net/
--
-- Host: 127.0.0.1
-- Generation Time: Dec 06, 2023 at 11:40 PM
-- Server version: 10.4.28-MariaDB
-- PHP Version: 8.2.4

SET SQL_MODE = "NO_AUTO_VALUE_ON_ZERO";
START TRANSACTION;
SET time_zone = "+00:00";


/*!40101 SET @OLD_CHARACTER_SET_CLIENT=@@CHARACTER_SET_CLIENT */;
/*!40101 SET @OLD_CHARACTER_SET_RESULTS=@@CHARACTER_SET_RESULTS */;
/*!40101 SET @OLD_COLLATION_CONNECTION=@@COLLATION_CONNECTION */;
/*!40101 SET NAMES utf8mb4 */;

--
-- Database: `movietheatredb`
--

-- --------------------------------------------------------

--
-- Table structure for table `tbl_bookings`
--

CREATE TABLE `tbl_bookings` (
  `book_id` int(11) NOT NULL,
  `ticket_id` varchar(30) NOT NULL,
  `t_id` int(11) NOT NULL COMMENT 'theater id',
  `user_id` int(11) NOT NULL,
  `show_id` int(11) NOT NULL,
  `screen_id` int(11) NOT NULL,
  `no_seats` int(3) NOT NULL COMMENT 'number of seats',
  `amount` int(5) NOT NULL,
  `ticket_date` date NOT NULL,
  `date` date NOT NULL,
  `status` int(1) NOT NULL
) ENGINE=InnoDB DEFAULT CHARSET=latin1 COLLATE=latin1_swedish_ci;

--
-- Dumping data for table `tbl_bookings`
--

INSERT INTO `tbl_bookings` (`book_id`, `ticket_id`, `t_id`, `user_id`, `show_id`, `screen_id`, `no_seats`, `amount`, `ticket_date`, `date`, `status`) VALUES
(12, 'BKID6369842', 4, 4, 17, 3, 1, 380, '2023-11-15', '2021-04-15', 1),
(13, 'BKID2313964', 6, 5, 21, 6, 4, 2400, '2023-10-16', '2021-04-15', 1),
(14, 'BKID1766021', 6, 5, 22, 6, 2, 1200, '2023-12-16', '2021-04-16', 1);

-- --------------------------------------------------------

--
-- Table structure for table `tbl_contact`
--

CREATE TABLE `tbl_contact` (
  `contact_id` int(11) NOT NULL,
  `name` varchar(100) NOT NULL,
  `email` varchar(100) NOT NULL,
  `mobile` int(11) NOT NULL,
  `subject` varchar(1000) NOT NULL
) ENGINE=InnoDB DEFAULT CHARSET=latin1 COLLATE=latin1_swedish_ci;

-- --------------------------------------------------------

--
-- Table structure for table `tbl_login`
--

CREATE TABLE `tbl_login` (
  `id` int(11) NOT NULL,
  `user_id` int(11) NOT NULL,
  `username` varchar(50) NOT NULL COMMENT 'email',
  `password` varchar(50) NOT NULL,
  `user_type` int(1) NOT NULL
) ENGINE=InnoDB DEFAULT CHARSET=latin1 COLLATE=latin1_swedish_ci;

--
-- Dumping data for table `tbl_login`
--

INSERT INTO `tbl_login` (`id`, `user_id`, `username`, `password`, `user_type`) VALUES
(1, 0, 'admin', 'password', 0),
(12, 2, 'hridoy@gmail.com', 'password', 2),
(2, 3, 'star', 'star', 1),
(17, 4, 'alvi@gmail.com', 'password', 2),
(19, 5, 'mou@gmail.com', 'password', 2),
(18, 6, 'balaka', 'balaka', 1);

-- --------------------------------------------------------

--
-- Table structure for table `tbl_movie`
--

CREATE TABLE `tbl_movie` (
  `movie_id` int(11) NOT NULL,
  `t_id` int(11) NOT NULL COMMENT 'theatre id',
  `movie_name` varchar(255) NOT NULL,
  `cast` varchar(500) NOT NULL,
  `desc` varchar(1000) NOT NULL,
  `release_date` date NOT NULL,
  `image` varchar(200) NOT NULL,
  `video_url` varchar(200) NOT NULL,
  `status` int(1) NOT NULL COMMENT '0 means active '
) ENGINE=InnoDB DEFAULT CHARSET=latin1 COLLATE=latin1_swedish_ci;

--
-- Dumping data for table `tbl_movie`
--

INSERT INTO `tbl_movie` (`movie_id`, `t_id`, `movie_name`, `cast`, `desc`, `release_date`, `image`, `video_url`, `status`) VALUES
(1, 3, 'Mujib: The Making of Nation', 'Arifin Shuvoo, Nusraat Faria Mazhar, Imam Hossain Saju', 'A biography film about Bangabandhu Sheikh Mujibur Rahman, Bangabandhu is an upcoming Bangladeshi Bengali film, directed by Shyam Benegal. This is a biopic of Bangabandhu Sheikh Mujibur Rahman. Arifin Shuvoo will play the role of Sheikh Mujibur Rahman.', '2023-10-13', 'images/mujib.webp', 'https://www.youtube.com/watch?v=givLtqsybMo', 0),
(11, 6, 'Animal', 'Ranbir Kapoor, Rashmika Mandanna, Bobby Deol, Anil Kapoor', 'A sons love for his father. Often away due to work the father is unable to comprehend the intensity of his sons love. Ironically, this fervent love and admiration for his father and family creates conflict between the father and son.', '2023-01-12', 'images/animal.webp', 'https://www.youtube.com/watch?v=givLtqsybMo', 0),
(12, 6, 'Wish', 'Chris Pine, Alan Tudyk, Ariana DeBose', 'Wish will follow a young girl named Asha who wishes on a star and gets a more direct answer than she bargained for when a trouble-making star comes down from the sky to join her.', '2023-11-23', 'images/wish.webp', 'https://www.youtube.com/watch?v=oyRxxpD3yNw', 0),
(13, 6, 'Taylor Swift: The Eras Tour', 'Taylor Swift', 'Experience the breathtaking Eras Tour concert, performed by the one and only Taylor Swift.', '2023-11-03', 'images/taylorswift.webp', 'https://www.youtube.com/watch?v=givLtqsybMo', 0),
(17, 6, 'The Marvels', 'Brie Larson, Samuel L. Jackson, Teyonah Parris', 'Carol Danvers gets her powers entangled with those of Kamala Khan and Monica Rambeau, forcing them to work together to save the universe', '2023-11-10', 'images/marvels.webp', 'https://www.youtube.com/watch?v=vM-Bja2Gy04', 0);

-- --------------------------------------------------------

--
-- Table structure for table `tbl_news`
--

CREATE TABLE `tbl_news` (
  `news_id` int(11) NOT NULL,
  `name` varchar(100) NOT NULL,
  `cast` varchar(100) NOT NULL,
  `news_date` date NOT NULL,
  `description` varchar(200) NOT NULL,
  `attachment` varchar(200) NOT NULL
) ENGINE=InnoDB DEFAULT CHARSET=latin1 COLLATE=latin1_swedish_ci;

--
-- Dumping data for table `tbl_news`
--

INSERT INTO `tbl_news` (`news_id`, `name`, `cast`, `news_date`, `description`, `attachment`) VALUES
(3, 'Aquaman and the Lost Kingdom', 'Jason Momoa', '2023-12-25', 'Arthur must enlist the help of his half-brother Orm in order to protect Atlantis against Black Manta, who has unleashed a devastating weapon in his obsessive quest to avenge his fathers death.', 'news_images/aquaman.webp'),
(9, 'Dune: Part Two', 'Timothée Chalamet', '2024-03-01', 'Paul Atreides unites with Chani and the Fremen while seeking revenge against the conspirators who destroyed his family', 'news_images/dunep2.webp'),
(10, 'Wonka', 'Timothée Chalamet,Olivia Colman,Hugh Grant', '2023-12-15', 'Based on the extraordinary character at the center of Charlie and the Chocolate Factory, \"Wonka\" tells the wondrous story of how the worlds greatest inventor, magician and chocolate.', 'news_images/wonka.webp');

-- --------------------------------------------------------

--
-- Table structure for table `tbl_registration`
--

CREATE TABLE `tbl_registration` (
  `user_id` int(11) NOT NULL,
  `name` varchar(50) NOT NULL,
  `email` varchar(50) NOT NULL,
  `phone` varchar(12) NOT NULL,
  `age` int(2) NOT NULL,
  `gender` varchar(10) NOT NULL
) ENGINE=InnoDB DEFAULT CHARSET=latin1 COLLATE=latin1_swedish_ci;

--
-- Dumping data for table `tbl_registration`
--

INSERT INTO `tbl_registration` (`user_id`, `name`, `email`, `phone`, `age`, `gender`) VALUES
(2, 'Hridoy Hossain', 'hridoy@gmail.com', '01755556666', 22, 'gender'),
(4, 'Alvi', 'alvi@gmail.com', '01922223636', 22, 'gender'),
(5, 'Didar', 'didar@gmail.com', '01852525252', 23, 'gender');

-- --------------------------------------------------------

--
-- Table structure for table `tbl_screens`
--

CREATE TABLE `tbl_screens` (
  `screen_id` int(11) NOT NULL,
  `t_id` int(11) NOT NULL COMMENT 'theatre id',
  `screen_name` varchar(110) NOT NULL,
  `seats` int(11) NOT NULL COMMENT 'number of seats',
  `charge` int(11) NOT NULL
) ENGINE=InnoDB DEFAULT CHARSET=latin1 COLLATE=latin1_swedish_ci;

--
-- Dumping data for table `tbl_screens`
--

INSERT INTO `tbl_screens` (`screen_id`, `t_id`, `screen_name`, `seats`, `charge`) VALUES
(1, 3, 'Screen 1', 100, 350),
(2, 3, 'Screen 2', 150, 310),
(3, 4, 'Screen 1', 200, 380),
(4, 14, 'Screen1', 34, 250),
(5, 6, 'Demo Screen', 150, 300),
(6, 6, 'IMX Screen', 200, 600);

-- --------------------------------------------------------

--
-- Table structure for table `tbl_shows`
--

CREATE TABLE `tbl_shows` (
  `s_id` int(11) NOT NULL,
  `st_id` int(11) NOT NULL COMMENT 'show time id',
  `theatre_id` int(11) NOT NULL,
  `movie_id` int(11) NOT NULL,
  `start_date` date NOT NULL,
  `status` int(11) NOT NULL COMMENT '1 means show available',
  `r_status` int(11) NOT NULL
) ENGINE=InnoDB DEFAULT CHARSET=latin1 COLLATE=latin1_swedish_ci;

--
-- Dumping data for table `tbl_shows`
--

INSERT INTO `tbl_shows` (`s_id`, `st_id`, `theatre_id`, `movie_id`, `start_date`, `status`, `r_status`) VALUES
(19, 15, 6, 11, '2023-12-01', 0, 1),
(20, 20, 6, 13, '2023-12-04', 0, 1),
(21, 19, 6, 12, '2023-12-05', 1, 1),
(22, 18, 6, 17, '2023-12-06', 1, 1);

-- --------------------------------------------------------

--
-- Table structure for table `tbl_show_time`
--

CREATE TABLE `tbl_show_time` (
  `st_id` int(11) DEFAULT NULL,
  `screen_id` int(11) DEFAULT NULL,
  `name` varchar(255) DEFAULT NULL,
  `start_time` varchar(255) DEFAULT NULL
) ENGINE=InnoDB DEFAULT CHARSET=utf8mb4 COLLATE=utf8mb4_general_ci;

--
-- Dumping data for table `tbl_show_time`
--

INSERT INTO `tbl_show_time` (`st_id`, `screen_id`, `name`, `start_time`) VALUES
(1, 1, 'Noon', '10:00:00'),
(2, 1, 'Matinee', '14:00:00'),
(3, 1, 'First', '18:00:00'),
(4, 1, 'Second', '21:00:00'),
(5, 2, 'Noon', '10:00:00'),
(6, 2, 'Matinee', '14:00:00'),
(7, 2, 'First', '18:00:00'),
(8, 2, 'Second', '21:00:00'),
(9, 3, 'Noon', '10:00:00'),
(10, 3, 'Matinee', '14:00:00'),
(11, 3, 'First', '18:00:00'),
(12, 3, 'Second', '21:00:00'),
(14, 4, 'Noon', '12:03:00'),
(15, 5, 'First', '00:08:00'),
(16, 5, 'Second', '15:10:00'),
(17, 5, 'Others', '18:10:00'),
(18, 6, 'Noon', '00:02:00'),
(19, 6, 'First', '06:35:00'),
(20, 6, 'Second', '09:18:00'),
(21, 5, 'Matinee', '20:04:00');

-- --------------------------------------------------------

--
-- Table structure for table `tbl_theatre`
--

CREATE TABLE `tbl_theatre` (
  `id` int(11) NOT NULL,
  `name` varchar(100) NOT NULL,
  `address` varchar(100) NOT NULL,
  `place` varchar(100) NOT NULL,
  `pin` int(11) NOT NULL
) ENGINE=InnoDB DEFAULT CHARSET=latin1 COLLATE=latin1_swedish_ci;

--
-- Dumping data for table `tbl_theatre`
--



INSERT INTO `tbl_theatre` (`id`, `name`, `address`, `place`, `pin`) VALUES
(3, 'Star Cineplex', 'Level 8, Bashundhara City 13/3 Ka', 'Panthapath, Tejgaon, Dhaka', 1215),
(6, 'Balaka Cinema Hall', 'P9MP+929, New Market Inside Rd', 'Dhaka', 1205);

--
-- Indexes for dumped tables
--

--
-- Indexes for table `tbl_bookings`
--
ALTER TABLE `tbl_bookings`
  ADD PRIMARY KEY (`book_id`);

--
-- Indexes for table `tbl_contact`
--
ALTER TABLE `tbl_contact`
  ADD PRIMARY KEY (`contact_id`);

--
-- Indexes for table `tbl_login`
--
ALTER TABLE `tbl_login`
  ADD PRIMARY KEY (`id`);

--
-- Indexes for table `tbl_movie`
--
ALTER TABLE `tbl_movie`
  ADD PRIMARY KEY (`movie_id`);

--
-- Indexes for table `tbl_news`
--
ALTER TABLE `tbl_news`
  ADD PRIMARY KEY (`news_id`);

--
-- Indexes for table `tbl_registration`
--
ALTER TABLE `tbl_registration`
  ADD PRIMARY KEY (`user_id`);

--
-- Indexes for table `tbl_screens`
--
ALTER TABLE `tbl_screens`
  ADD PRIMARY KEY (`screen_id`);

--
-- Indexes for table `tbl_shows`
--
ALTER TABLE `tbl_shows`
  ADD PRIMARY KEY (`s_id`);

--
-- Indexes for table `tbl_theatre`
--
ALTER TABLE `tbl_theatre`
  ADD PRIMARY KEY (`id`);

--
-- AUTO_INCREMENT for dumped tables
--

--
-- AUTO_INCREMENT for table `tbl_bookings`
--
ALTER TABLE `tbl_bookings`
  MODIFY `book_id` int(11) NOT NULL AUTO_INCREMENT, AUTO_INCREMENT=16;

--
-- AUTO_INCREMENT for table `tbl_contact`
--
ALTER TABLE `tbl_contact`
  MODIFY `contact_id` int(11) NOT NULL AUTO_INCREMENT;

--
-- AUTO_INCREMENT for table `tbl_login`
--
ALTER TABLE `tbl_login`
  MODIFY `id` int(11) NOT NULL AUTO_INCREMENT, AUTO_INCREMENT=20;

--
-- AUTO_INCREMENT for table `tbl_movie`
--
ALTER TABLE `tbl_movie`
  MODIFY `movie_id` int(11) NOT NULL AUTO_INCREMENT, AUTO_INCREMENT=18;

--
-- AUTO_INCREMENT for table `tbl_news`
--
ALTER TABLE `tbl_news`
  MODIFY `news_id` int(11) NOT NULL AUTO_INCREMENT, AUTO_INCREMENT=11;

--
-- AUTO_INCREMENT for table `tbl_registration`
--
ALTER TABLE `tbl_registration`
  MODIFY `user_id` int(11) NOT NULL AUTO_INCREMENT, AUTO_INCREMENT=6;

--
-- AUTO_INCREMENT for table `tbl_screens`
--
ALTER TABLE `tbl_screens`
  MODIFY `screen_id` int(11) NOT NULL AUTO_INCREMENT, AUTO_INCREMENT=7;

--
-- AUTO_INCREMENT for table `tbl_shows`
--
ALTER TABLE `tbl_shows`
  MODIFY `s_id` int(11) NOT NULL AUTO_INCREMENT, AUTO_INCREMENT=23;

--
-- AUTO_INCREMENT for table `tbl_theatre`
--
ALTER TABLE `tbl_theatre`
  MODIFY `id` int(11) NOT NULL AUTO_INCREMENT, AUTO_INCREMENT=7;
COMMIT;

/*!40101 SET CHARACTER_SET_CLIENT=@OLD_CHARACTER_SET_CLIENT */;
/*!40101 SET CHARACTER_SET_RESULTS=@OLD_CHARACTER_SET_RESULTS */;
/*!40101 SET COLLATION_CONNECTION=@OLD_COLLATION_CONNECTION */;
